[
    {
        "text": "celery",
        "suffix_key": "a",
        "background_color": "#9CCF8D",
        "text_color": "#ffffff"
    },
    {
        "text": "cereals containing gluten",
        "suffix_key": "b",
        "background_color": "#ACBBD7",
        "text_color": "#ffffff"
    },
    {
        "text": "crustaceans",
        "suffix_key": "c",
        "background_color": "#BD76A6",
        "text_color": "#ffffff"
    },
    {
        "text": "eggs",
        "suffix_key": "d",
        "background_color": "#A4FAD3",
        "text_color": "#ffffff"
    },
    {
        "text": "fish",
        "suffix_key": "e",
        "background_color": "#91BCE1",
        "text_color": "#ffffff"
    },
    {
        "text": "lupin",
        "suffix_key": "f",
        "background_color": "#BFE7BB",
        "text_color": "#ffffff"
    },
    {
        "text": "milk",
        "suffix_key": "g",
        "background_color": "#B3CCDE",
        "text_color": "#ffffff"
    },
    {
        "text": "molluscs",
        "suffix_key": "h",
        "background_color": "#D368F9",
        "text_color": "#ffffff"
    },
    {
        "text": "mustard",
        "suffix_key": "i",
        "background_color": "#6CE0C1",
        "text_color": "#ffffff"
    },
    {
        "text": "peanuts",
        "suffix_key": "j",
        "background_color": "#CCE8CA",
        "text_color": "#ffffff"
    },
    {
        "text": "sesame",
        "suffix_key": "k",
        "background_color": "#FD9EEA",
        "text_color": "#ffffff"
    },
    {
        "text": "soybeans",
        "suffix_key": "l",
        "background_color": "#94F779",
        "text_color": "#ffffff"
    },
    {
        "text": "sulphur dioxide and sulphites (>10ppm)tree nuts",
        "suffix_key": "m",
        "background_color": "#6E997D",
        "text_color": "#ffffff"
    }
]